Temperature,SoilType,Temperature_and_Rainfall,Crop
19.93500676688155,Laterite,230.3215429903232,Coffee
28.37124215047081,Peat,185.138288217862,Tea
17.709634517731658,Black,235.37230119885984,Coffee
21.697787631121937,Black,232.36760924655545,Coffee
22.078666892412645,Black,124.10483755687,Sugar Cane
22.66542474921222,Yellow,88.34648029792866,Cotton
29.057360248458465,Laterite,224.1237579620312,Tea
26.96701540117336,Black,294.7855892113346,Tea
20.26966231940299,Cinder,278.08367774869845,Tea
30.85323314346165,Peat,281.22951359878226,Rice
19.22396491508461,Laterite,87.71882517812892,Wheat
25.923041200769227,Laterite,243.5019308446437,Coffee
23.621446004886547,Peat,276.90692362449744,Tea
29.98928289977643,Laterite,228.4050408544625,Tea
29.257853085015856,Yellow,150.7508745658634,Tea
24.89707251445888,Black,83.78421159959973,Cotton
19.22987736074977,Peat,75.81803610451216,Wheat
26.24096751545172,Yellow,139.12073439177675,Sugar Cane
27.068385778253337,Peat,231.5385039639802,Coffee
15.181763831929524,Laterite,189.4200158506147,Coffee
22.466578685841867,Yellow,212.8162011721521,Coffee
29.33545472797,Cinder,99.05137820494387,Cotton
23.32298913613181,Black,154.80189686812955,Coffee
29.820562107419267,Peat,248.90907646827367,Tea
20.99141100595177,Yellow,67.54193907426526,Oilseeds
27.12128620747424,Laterite,202.7075257701173,Coffee
17.68096156141136,Yellow,191.38220909708056,Coffee
19.28857452321438,Peat,240.60212148395232,Coffee
17.66300543218177,Cinder,91.08752306909908,Wheat
31.199475330579663,Laterite,233.81693635319755,Rice
21.891867334465708,Peat,212.6355260266276,Coffee
15.241436654903,Peat,172.73668145594937,Coffee
22.15930955612249,Peat,146.71806096196315,Sugar Cane
23.682568601605688,Yellow,137.93358635110943,Sugar Cane
22.73526245389561,Black,255.07867781311816,Tea
28.041858385853985,Peat,185.2709422727144,Tea
26.21664592380538,Cinder,73.72547966865989,Oilseeds
22.58110419044976,Cinder,182.7097485154109,Coffee
18.81923190178621,Yellow,161.67533216397777,Coffee
27.03365575872148,Black,53.49652306449969,Oilseeds
30.46083356682911,Cinder,279.15241124142256,Rice
23.83996810862768,Laterite,125.19762550647576,Sugar Cane
28.394995651439302,Yellow,232.20027418018805,Tea
18.87333419730051,Black,168.46930738254795,Coffee
23.3337735691136,Black,217.14398721985395,Coffee
21.090920881606,Cinder,92.83247524431177,Cotton
29.07308632012528,Laterite,283.73339239473216,Tea
15.384275469106854,Peat,168.4247791360387,Coffee
22.94824544479402,Yellow,208.63926136183767,Coffee
22.64120695571836,Cinder,153.0820334383423,Coffee
31.52271736193969,Yellow,73.98453274660858,Millets
29.45454570371071,Yellow,195.6651412419014,Tea
27.00826912145523,Black,294.2375644785986,Tea
19.938142306795328,Black,150.03281376978086,Coffee
17.807940991813613,Cinder,248.89951182718667,Coffee
30.664371693415703,Yellow,162.1795723463139,Rice
22.192283887540206,Yellow,158.83520870912673,Coffee
23.005654049099803,Cinder,269.1904432490708,Tea
30.603406187945986,Cinder,240.02413025263283,Rice
21.580144327651983,Laterite,102.95161092869957,Sugar Cane
24.56489695321769,Laterite,172.60235640270335,Coffee
28.650427118845634,Black,82.6912253255918,Cotton
22.26125302782265,Cinder,144.29667545303113,Sugar Cane
18.970210632748262,Cinder,155.57965841274137,Coffee
31.906937722511568,Laterite,252.85921124741265,Rice
31.261704576686714,Peat,270.88794229099807,Rice
20.01271567718485,Peat,261.2966751410193,Tea
30.528019948788547,Peat,68.79802998038099,Millets
19.684463392060888,Peat,194.1269498893102,Coffee
25.251065287308496,Laterite,296.06888459229793,Tea
26.35471605113344,Yellow,273.424674548714,Tea
23.633452433337183,Peat,86.55565288574407,Cotton
22.07794147953934,Cinder,195.5987503371129,Coffee
31.78185327371348,Yellow,208.18362936969768,Rice
24.043246879314005,Peat,57.35178584969704,Oilseeds
23.692066414298303,Black,212.1842251763401,Coffee
31.224825667128123,Black,79.46378348469938,Millets
23.13592345135715,Laterite,260.12454921347245,Tea
30.670416962844943,Peat,80.3349551799609,Millets
21.34743551212628,Laterite,299.5968695758192,Tea
30.59675577214723,Yellow,216.83038579250007,Rice
30.821262567441224,Cinder,71.14565367996383,Millets
19.59758515301425,Black,190.76324579595047,Coffee
21.80604510258929,Black,223.3096991434372,Coffee
21.10575101276712,Peat,252.0911913532458,Tea
25.204301559869585,Yellow,188.9569219722393,Coffee
15.956674797891091,Peat,176.1398701360844,Coffee
22.00389782136693,Laterite,181.4930372820588,Coffee
24.8415810540762,Black,66.3498819542825,Oilseeds
21.675884927102004,Yellow,132.76506356275053,Sugar Cane
24.821508092734312,Laterite,116.16056464545808,Sugar Cane
23.756434394920348,Cinder,132.25276232215532,Sugar Cane
26.65702289786329,Laterite,233.11096477587225,Coffee
26.042051328111626,Yellow,155.11075409066834,Coffee
22.21217695451186,Laterite,283.288522906994,Tea
22.224919087137675,Yellow,102.22939574036214,Sugar Cane
23.725055725639805,Peat,240.3479069341316,Coffee
24.982045178306844,Cinder,172.88688612981008,Coffee
23.100319755015047,Peat,173.16788099884536,Coffee
16.26924795896881,Yellow,95.8054450780851,Wheat
30.545486285818804,Yellow,299.8138343927123,Rice
31.359952268450723,Yellow,267.65902974228175,Rice
22.86004521588926,Yellow,209.3454458113337,Coffee
22.0153890480602,Yellow,115.45659457378532,Sugar Cane
19.3595482968742,Yellow,172.18962594475462,Coffee
26.21695432578771,Cinder,115.08047953828748,Sugar Cane
18.517575184883988,Yellow,187.50657275853104,Coffee
30.303992576345863,Black,259.3496148378126,Rice
23.890685756799154,Black,126.84082859114498,Sugar Cane
16.946605339972685,Laterite,227.2100645955696,Coffee
21.814369006109143,Cinder,195.7561158082072,Coffee
23.60828554008755,Laterite,218.6106787772709,Coffee
26.42216426581833,Peat,259.27824730354735,Tea
30.49750949355828,Laterite,212.0392578724177,Rice
31.419259175991613,Peat,80.54521042947755,Millets
29.706063009734127,Black,179.7081078813435,Tea
23.499613504361115,Laterite,231.81375007531548,Coffee
26.010390046103588,Black,175.5425139507353,Coffee
22.16983466483133,Yellow,213.19132339968297,Coffee
23.14289687186828,Cinder,43.43067670935525,Grams
27.476221305293084,Peat,55.30875487647461,Oilseeds
25.694931538506022,Yellow,258.402834972712,Tea
28.48117522963519,Yellow,273.7511862866031,Tea
17.254945865717414,Yellow,161.7840685926407,Coffee
23.816857741322213,Laterite,186.34929871711904,Coffee
28.244147744110983,Cinder,218.281253687596,Tea
20.72592488644677,Peat,246.81940630418373,Coffee
24.42988600191637,Peat,154.75732214325268,Coffee
24.77975311253075,Black,146.1745590302873,Sugar Cane
22.77867041045752,Yellow,162.57924386889192,Coffee
29.314411707104163,Yellow,173.49705638180245,Tea
20.330777245088523,Laterite,286.889710713679,Tea
29.257976917075613,Black,70.48123657237937,Oilseeds
22.285598414230467,Black,222.7580740731373,Coffee
27.351958019049704,Cinder,247.4270708104492,Coffee
23.67102388525044,Laterite,210.1560727737613,Coffee
25.5733646102266,Yellow,189.9382384634313,Coffee
21.72106068464351,Laterite,178.14757870413104,Coffee
28.059515052727345,Black,261.0605351220349,Tea
22.22821952075219,Yellow,250.06104720606,Tea
22.776847991958974,Laterite,54.24084193056787,Oilseeds
23.80053735992628,Black,257.6045439686459,Tea
26.2094417862249,Yellow,91.03511239882702,Cotton
20.935726571617742,Black,263.53519904389924,Tea
26.39543377768623,Yellow,140.96694389744766,Sugar Cane
25.921251741145817,Black,246.34211324950863,Coffee
30.827327689954974,Peat,93.75301134763646,Millets
26.00659770377122,Yellow,158.72857401282442,Coffee
28.252799630641583,Black,231.2252675469747,Tea
24.77854098206761,Yellow,97.3010380994349,Cotton
16.188160802095112,Yellow,238.8172681124001,Coffee
25.880516601978567,Laterite,62.44461533264945,Oilseeds
30.967423891495905,Yellow,201.2046771155481,Rice
27.338107798282216,Peat,210.35429273216167,Coffee
26.17010810306008,Laterite,247.0860730018235,Coffee
27.44917126773092,Black,50.51205620509642,Oilseeds
21.041891914959702,Black,90.20491128057525,Cotton
28.948439559183537,Peat,270.4708786273655,Tea
15.760017834120651,Black,220.2295718130649,Coffee
27.84232871057447,Cinder,199.0750713856472,Coffee
19.540223002934493,Yellow,205.854686114076,Coffee
23.106242172587216,Peat,135.97615520530016,Sugar Cane
19.61310359824933,Yellow,239.6436317798041,Coffee
18.14852769794619,Black,210.03970614029907,Coffee
26.58232415091404,Black,152.3852499515629,Coffee
24.06771315561568,Laterite,271.93269230311205,Tea
23.744865768685138,Cinder,114.12470619582768,Sugar Cane
21.97457535163919,Laterite,243.15654333251592,Coffee
16.811511167952055,Black,164.19434698153654,Coffee
30.40181556103644,Cinder,56.60572704819799,Millets
15.70125549901942,Cinder,80.22001201021469,Wheat
22.338064521134484,Laterite,203.74383731446585,Coffee
26.20073333767437,Yellow,285.98740261301714,Tea
26.00089143655961,Cinder,245.5783390769771,Coffee
15.019235077054793,Peat,240.83220018479875,Coffee
27.970981261103017,Black,66.78802457437749,Oilseeds
23.297649269838065,Yellow,272.99660503523893,Tea
27.10449906992568,Yellow,86.91624457158942,Cotton
29.772173708213707,Yellow,77.82368618033952,Cotton
30.87862034120318,Peat,291.5498198674913,Rice
17.309151283025518,Black,240.0190021102512,Coffee
31.51523165571928,Cinder,276.98471125868343,Rice
22.92869149512647,Cinder,59.09985245868341,Oilseeds
20.191004630312428,Laterite,174.49819944319472,Coffee
22.296239893320585,Cinder,96.7351780802734,Cotton
25.093762790922053,Cinder,52.35587567417486,Oilseeds
19.4123882273048,Black,232.9562723455784,Coffee
26.24349532336481,Cinder,155.95853663936018,Coffee
29.922681576352744,Black,275.0105075666812,Tea
28.00306472281004,Black,220.3894144343216,Tea
23.52911788370436,Black,109.50144772453494,Sugar Cane
26.02697620405507,Yellow,191.83941091918385,Coffee
27.26641600408884,Laterite,194.615265243234,Coffee
29.668663811197803,Black,154.87595464345546,Tea
23.08207603076824,Cinder,132.1841975626269,Sugar Cane
31.90565150527493,Cinder,296.1304872504346,Rice
31.65976382388086,Peat,249.91461531296284,Rice
24.77278141768721,Cinder,223.6418936270792,Coffee
21.766109437564857,Peat,95.47727411068864,Cotton
25.26174569818213,Cinder,248.1417604580509,Coffee
15.850378537581484,Black,182.5170864184412,Coffee
28.41714441898621,Laterite,68.99911205016352,Oilseeds
21.09462973032068,Black,269.1142430917168,Tea
17.011870673203923,Yellow,190.4325078071842,Coffee
31.939658586701515,Yellow,286.07953404773593,Rice
28.38325514537917,Black,299.6500096295688,Tea
21.948597624888084,Peat,124.12083229326645,Sugar Cane
26.57026579202561,Cinder,260.3396954445471,Tea
28.42957091268717,Yellow,299.6111995704872,Tea
28.858508418616047,Cinder,196.29954558508803,Tea
16.440387615935403,Black,242.63940230322623,Coffee
25.590539090697625,Cinder,238.88884046827684,Coffee
15.7387561871199,Laterite,180.79570647198443,Coffee
30.36766015394929,Black,253.25594355397985,Rice
23.968583263065696,Cinder,212.67188535309552,Coffee
31.142975048597947,Yellow,60.4531950464895,Millets
29.77899841468753,Peat,85.23221938185094,Cotton
23.216294627854,Cinder,273.5370536975712,Tea
17.62638501550265,Yellow,81.54419934933864,Wheat
21.80546520228376,Cinder,106.6794186267048,Sugar Cane
21.230390845739777,Laterite,192.72754015059056,Coffee
24.512772313249847,Yellow,169.54847322404234,Coffee
26.313659948872623,Yellow,81.1154551989481,Cotton
31.631533099565807,Peat,65.98749882248325,Millets
27.38256516371245,Laterite,86.30344968691327,Cotton
25.943725051529697,Peat,160.70829547646355,Coffee
20.696571382561824,Laterite,95.92977999913695,Wheat
18.48962299366463,Laterite,224.19459363425736,Coffee
24.85625732368007,Black,202.9769009763093,Coffee
17.921566785757904,Laterite,98.28642374650497,Wheat
19.447621706961108,Laterite,179.80824768532958,Coffee
23.4371612592701,Cinder,236.2027013460901,Coffee
22.112369986833407,Laterite,279.8424476968751,Tea
28.23558540829492,Laterite,93.11560044126158,Cotton
24.76776655904129,Cinder,149.99459768006312,Sugar Cane
28.97867009503973,Peat,279.6089545660769,Tea
24.565382191633248,Yellow,272.38831990698395,Tea
27.1402438912366,Yellow,158.7425696525787,Coffee
24.392559096446245,Yellow,198.09129943692804,Coffee
28.629706086377933,Peat,187.72353839209143,Tea
27.72070594432438,Black,259.7549429867428,Tea
28.49903064000684,Laterite,52.88938038298752,Oilseeds
31.471688853218623,Cinder,213.0780350945502,Rice
24.74570370880446,Black,134.47622528301912,Sugar Cane
18.74414591584863,Cinder,77.72092487844594,Wheat
22.043241309680944,Laterite,214.7140016050056,Coffee
23.05068147576899,Cinder,90.76794724956686,Cotton
21.99129077414077,Cinder,107.19358061256584,Sugar Cane
30.80901672389307,Yellow,53.90276350760957,Millets
20.840037395471,Black,262.10455188916967,Tea
31.379232737154933,Cinder,158.1643981991668,Rice
30.474620111317147,Peat,180.2011257801921,Rice
25.718859418218948,Yellow,179.4411512665593,Coffee
24.85697014270127,Black,134.93807207157568,Sugar Cane
21.291517761189503,Yellow,73.90837632267905,Oilseeds
15.311752613181048,Black,228.637169579552,Coffee
23.01618215199881,Peat,218.8406105270209,Coffee
17.547248281195458,Yellow,78.47436572655548,Wheat
31.113227297399,Yellow,153.06369076048728,Rice
21.24125820027451,Yellow,145.81836868427294,Sugar Cane
30.430593068725607,Cinder,218.4021550181997,Rice
20.178809148990805,Black,194.56090216414108,Coffee
24.234741604241734,Cinder,200.4309254389224,Coffee
15.348110417157365,Laterite,219.93521258352808,Coffee
23.871876876350807,Cinder,101.9315636785703,Sugar Cane
25.82801418038072,Cinder,110.25332730413264,Sugar Cane
24.84193199549107,Cinder,106.0894084493873,Sugar Cane
26.001852124866755,Black,295.78260331184174,Tea
26.677063332489865,Peat,247.9345393980003,Coffee
28.198856474375752,Laterite,66.10331271168829,Oilseeds
31.686843505998105,Peat,88.33776629201907,Millets
30.26845090130768,Black,52.00156003431984,Millets
31.19531227767223,Black,169.3346721699202,Rice
21.564318774985715,Yellow,260.2386623636604,Tea
28.37777780024325,Peat,226.29006185570367,Tea
25.53826517992591,Black,80.37053766301332,Cotton
29.00766661567011,Laterite,162.21037866875773,Tea
26.5107216980752,Yellow,246.85763786093395,Coffee
29.22937622102162,Yellow,162.58867014080505,Tea
16.34133110135042,Yellow,214.3969290020416,Coffee
22.26594089437336,Peat,178.28090878711498,Coffee
17.29156308313111,Yellow,89.63370665191783,Wheat
22.994826916475024,Cinder,197.53414232588145,Coffee
24.675566671127715,Cinder,91.95606259905873,Cotton
22.528453357078583,Laterite,50.89941583620514,Oilseeds
20.4139802352392,Peat,87.05684007963637,Wheat
27.294900796294087,Cinder,81.94202397104377,Cotton
28.62729650242173,Laterite,296.3030463703711,Tea
31.62046504018803,Cinder,55.67781934063175,Millets
28.37333813087437,Laterite,172.75751236697224,Tea
28.088868411127667,Peat,260.2280875113023,Tea
29.577249313515743,Peat,209.85690550054903,Tea
21.1613339901921,Peat,177.2525247416074,Coffee
27.53925263258517,Laterite,220.1596727761145,Coffee
25.19522318887472,Laterite,223.86925786296783,Coffee
18.0187240447375,Peat,206.63076748335288,Coffee
20.16346251450527,Black,263.82691893717305,Tea
20.725474388395817,Yellow,263.6295283363492,Tea
24.65307788992937,Cinder,182.10223663396093,Coffee
30.85236025622056,Cinder,199.639682758228,Rice
27.751571018511864,Cinder,249.09936038372967,Coffee
22.991631293675773,Laterite,297.7591625241583,Tea
21.626180433578885,Peat,71.21025625217578,Oilseeds
21.67604504645169,Black,151.66971598479333,Coffee
25.47265498177927,Black,264.1683257560027,Tea
17.112023994448755,Black,83.01131173237582,Wheat
24.85140110743444,Yellow,153.5026626921073,Coffee
26.30725862312333,Yellow,57.12301045073017,Oilseeds
22.461448583506066,Laterite,130.62137110869392,Sugar Cane
31.203842005109845,Black,69.5979273420407,Millets
25.33962563045278,Laterite,121.81576965592396,Sugar Cane
23.146676376369776,Yellow,298.08782108753314,Tea
26.4818754313,Peat,298.54764820505625,Tea
20.50169511786814,Peat,52.14015802497148,Oilseeds
16.353907306913392,Peat,223.27125821193724,Coffee
30.40385437099965,Peat,290.3359839622215,Rice
29.1954010023188,Cinder,283.4417934105153,Tea
27.038888671204703,Cinder,65.26825395503923,Oilseeds
22.40291392622364,Laterite,87.34982422446517,Cotton
19.254187529469927,Laterite,164.3531583410398,Coffee
26.67795204633395,Cinder,179.51729696991478,Coffee
27.62523221715916,Peat,82.04616052304526,Cotton
18.05823741849226,Black,231.85438066518464,Coffee
27.769503147174497,Laterite,278.1967711482349,Tea
30.86738348541347,Peat,203.88235780788457,Rice
30.96869526763078,Yellow,241.1753604767967,Rice
21.26480018325248,Yellow,249.0160952930661,Coffee
26.9596384495018,Peat,282.06744304400894,Tea
25.16448686847665,Yellow,66.12749074171614,Oilseeds
25.618153275842623,Cinder,244.3387720682161,Coffee
22.08618845878749,Peat,236.06706976700883,Coffee
24.523559846596065,Black,277.4685760955931,Tea
22.298462813449817,Yellow,169.29618602333127,Coffee
25.269851319564403,Yellow,184.8329128140845,Coffee
27.737017620241943,Black,237.95077201889924,Coffee
25.057188489584576,Laterite,68.34407230732513,Oilseeds
15.58295853127922,Cinder,186.2227222451069,Coffee
26.93975337973165,Peat,268.2856297448532,Tea
19.74444731457182,Laterite,207.78572848058784,Coffee
24.84945536491513,Laterite,294.9712245254749,Tea
23.57889795111728,Cinder,247.9391204682706,Coffee
25.476598316556256,Yellow,292.5874345144305,Tea
31.309457524578107,Cinder,269.0053226719011,Rice
20.290291241972056,Cinder,232.14413264883228,Coffee
28.08986878071797,Black,177.7717326675985,Tea
29.73498803895285,Laterite,53.60076989272866,Oilseeds
23.82685465122197,Yellow,168.9520856590195,Coffee
15.196727378839595,Black,241.8207692834985,Coffee
20.093075144948667,Yellow,232.27617781911653,Coffee
25.59374981365786,Laterite,274.97150206432946,Tea
16.982250429289614,Yellow,246.5489007104529,Coffee
21.252380453169582,Laterite,282.76937487490727,Tea
15.432601436015664,Laterite,241.00412575028204,Coffee
25.92668278327975,Yellow,56.45444876370268,Oilseeds
26.89225605401429,Peat,196.04866323185988,Coffee
22.918093323464767,Peat,196.30834252076843,Coffee
23.704537517755327,Black,296.3358399810994,Tea
18.19137728347065,Black,194.8389796116299,Coffee
28.96040345694923,Laterite,251.1704283021263,Tea
30.55081632274532,Laterite,282.2967058664405,Rice
24.12769544414199,Peat,244.8747665301308,Coffee
17.064901105421168,Laterite,197.775985887378,Coffee
25.34508893571305,Cinder,259.76381148051274,Tea
26.947447363423382,Yellow,157.37071272728704,Coffee
22.69705820169381,Yellow,80.67226023750996,Cotton
27.62944823921328,Yellow,221.1066385947596,Coffee
30.29757379143632,Yellow,51.10721847687734,Millets
28.912845007463,Cinder,88.27494791486332,Cotton
18.26693646464563,Cinder,176.90636083829514,Coffee
20.7290474527334,Yellow,208.9087177664853,Coffee
23.89321191940581,Yellow,54.702974394043046,Oilseeds
25.76149139193162,Yellow,159.77922098931467,Coffee
24.83090645794786,Peat,114.35014059711234,Sugar Cane
20.91622701397938,Laterite,213.70920411501424,Coffee
27.22287208176704,Black,54.05308390950183,Oilseeds
22.074015255341617,Yellow,292.9643093607481,Tea
15.28746682535824,Yellow,210.72831412306127,Coffee
25.50674254510353,Laterite,136.88769990624763,Sugar Cane
16.072609580114666,Peat,216.48469141161976,Coffee
16.833548194609747,Peat,231.7729002144445,Coffee
26.054262233985227,Peat,238.38941666885825,Coffee
20.31230154442853,Yellow,153.80564558285613,Coffee
31.63583271260936,Cinder,279.43599223971466,Rice
31.41251775255808,Peat,188.92620594890408,Rice
22.07643698912128,Cinder,76.88310241319107,Cotton
20.144066595289967,Peat,276.180932495683,Tea
24.04817872141028,Yellow,264.7358376789141,Tea
25.316616732615785,Black,299.3796285896181,Tea
23.309249599904323,Black,88.51213267451632,Cotton
21.93590415821859,Cinder,255.8298838557856,Tea
23.202595053495926,Laterite,84.66330058180544,Cotton
24.20712286757183,Black,294.2377438297279,Tea
26.47822006369761,Peat,102.8868744257709,Sugar Cane
25.76630696542238,Black,263.8497013309857,Tea
19.842554226332915,Cinder,150.44396643498314,Coffee
15.412084403380623,Laterite,86.8401115018178,Wheat
25.625330720857768,Laterite,213.15555936207,Coffee
19.29366550534068,Laterite,178.3580111590272,Coffee
27.69914449314831,Peat,65.53592296840078,Oilseeds
31.288087523153425,Yellow,71.96913790752129,Millets
15.178942787264925,Laterite,241.8222572283,Coffee
25.93991072636122,Laterite,155.61601263619497,Coffee
29.640968002074537,Laterite,56.10244551754881,Oilseeds
17.473354603213046,Yellow,87.09075296789749,Wheat
29.234612616861696,Black,260.6677574692972,Tea
25.981392462485744,Peat,251.3521642129793,Tea
22.39162607408707,Yellow,113.54162087699724,Sugar Cane
18.413034394008697,Cinder,96.28500351047286,Wheat
16.82854366009738,Yellow,173.76359342126696,Coffee
22.482170841287548,Black,222.11888494927143,Coffee
23.269592398747807,Cinder,56.83979932609934,Oilseeds
29.065531291325087,Cinder,214.41964891867588,Tea
26.53704043210873,Yellow,253.02321938109355,Tea
20.22635305331324,Yellow,209.96979374160497,Coffee
30.55555119900844,Peat,163.08133379248434,Rice
29.75229475467698,Black,275.8681435341395,Tea
21.29251461195709,Peat,290.98739835762643,Tea
30.099229200391186,Cinder,74.94038232768267,Millets
29.530684244522327,Yellow,173.47361819490916,Tea
23.16431801846463,Black,265.77233581396524,Tea
23.11729685786127,Black,92.1672171672252,Cotton
23.408162101380903,Laterite,230.5037044652384,Coffee
24.15913396395697,Black,109.81403592607606,Sugar Cane
21.22610007927145,Cinder,194.3262630375532,Coffee
22.381172063378983,Yellow,64.27714080142209,Oilseeds
22.741190287545507,Peat,145.31182593055678,Sugar Cane
28.77798349018308,Cinder,276.7660793265558,Tea
29.077012226458898,Peat,151.00357581750086,Tea
21.996584122317515,Peat,97.01127250340534,Cotton
23.819741305434007,Peat,59.71207203254897,Oilseeds
26.465353459966146,Laterite,169.00409579575398,Coffee
21.87830001009668,Laterite,50.00387513953856,Oilseeds
22.57312061241688,Yellow,129.6837738167299,Sugar Cane
29.852436362056,Peat,184.99609314638428,Tea
22.851185387530343,Cinder,97.19205113275608,Cotton
18.86734514477406,Yellow,236.92205433061565,Coffee
23.0855504432404,Black,285.10152823885375,Tea
29.62629233376817,Peat,63.5652908278022,Oilseeds
24.21633765820484,Cinder,288.8035440307612,Tea
22.978496049739,Black,293.73705423413224,Tea
22.586873364063973,Cinder,264.6272235823728,Tea
21.985666684795262,Cinder,106.05105067656989,Sugar Cane
24.15591755952145,Black,282.80488028964305,Tea
30.147938295310954,Yellow,203.20577002953567,Rice
20.66245431759584,Yellow,42.40911953446226,Grams
17.507905181014895,Yellow,87.85234720704692,Wheat
16.641358136161667,Peat,236.6302170141902,Coffee
15.22818955704217,Black,168.0320390300695,Coffee
22.188553335636644,Cinder,279.8313373003725,Tea
23.840332286921903,Black,145.7075224939065,Sugar Cane
26.559635327062946,Peat,294.18951803655585,Tea
22.83565313963421,Cinder,112.15827755570248,Sugar Cane
27.641687536212693,Yellow,268.0586277167049,Tea
31.758715957143227,Yellow,257.3311847803818,Rice
26.342235858923537,Black,78.99051125171759,Cotton
19.16227236376185,Cinder,194.80131221931552,Coffee
25.16480025593711,Yellow,254.27900176336925,Tea
22.265875262869216,Cinder,132.06134675086713,Sugar Cane
31.35362013048014,Peat,181.5381988079002,Rice
27.289317126612225,Peat,259.3767483967359,Tea
25.95757362874097,Laterite,292.78790714608624,Tea
23.588850122628457,Yellow,229.7523621272438,Coffee
29.470525552560645,Peat,178.24851174270248,Tea
26.57578512293955,Yellow,145.40957655644968,Sugar Cane
30.144054810762565,Laterite,160.67158779618998,Rice
26.90364920037068,Cinder,231.96332296926087,Coffee
23.53912920024961,Laterite,172.2902350179395,Coffee
26.99146951400609,Laterite,172.1922961018438,Coffee
19.956821184918823,Cinder,86.71347573518041,Wheat
19.05089219961716,Cinder,176.0213325804123,Coffee
29.87707497497465,Peat,77.91549068019715,Cotton
29.75539559359669,Cinder,194.5821867877422,Tea
25.72649756279099,Laterite,120.16069418387973,Sugar Cane
23.040676683302507,Yellow,256.43357144177844,Tea
26.425945821679584,Laterite,146.923926821032,Sugar Cane
25.322900655072644,Peat,223.40358027007667,Coffee
21.453724747255784,Cinder,130.88681696465693,Sugar Cane
21.50750323847096,Black,295.30760221227166,Tea
25.01526785365265,Peat,246.3688810536016,Coffee
26.01037905405404,Cinder,64.78342466274002,Oilseeds
22.67960980976252,Laterite,97.77393385363142,Cotton
16.425377206076178,Peat,202.1023569387248,Coffee
20.89979944121421,Cinder,231.95853265710355,Coffee
22.124269613132498,Laterite,229.8674504662148,Coffee
15.287662838904032,Peat,162.76473576579278,Coffee
21.204272190359827,Peat,247.02975059468235,Coffee
23.60261659386717,Laterite,54.68655828275733,Oilseeds
20.71897930211557,Cinder,178.04371566306773,Coffee
27.34509629408984,Laterite,286.64438768830985,Tea
23.668852421930023,Laterite,242.0382223899032,Coffee
17.205957969436493,Laterite,182.03618135382783,Coffee
27.751042510453903,Peat,201.10558489774715,Coffee
20.48156993314252,Laterite,293.6276382001257,Tea
30.744424765469823,Yellow,261.76407738289333,Rice
26.32659232765441,Laterite,136.22187612218374,Sugar Cane
30.20689502748653,Peat,288.18941066771254,Rice
20.17218729527194,Peat,173.4038269784215,Coffee
27.12877512737875,Cinder,233.9817354758464,Coffee
30.745538964811622,Cinder,182.65589150895795,Rice
16.503438984703543,Peat,195.1650833715308,Coffee
30.662490440645826,Peat,79.0907324584123,Millets
21.125459340756567,Cinder,100.8960084250673,Sugar Cane
28.82343763508872,Peat,195.6829221510023,Tea
25.39680127314982,Laterite,178.53207560886506,Coffee
28.24459703749009,Cinder,191.40195005174928,Tea
27.22356675942809,Laterite,173.7903559858104,Coffee
23.445091923161783,Cinder,96.44806278924062,Cotton
15.700706781178893,Black,88.46209925643906,Wheat
24.93255943509652,Black,58.376711390242754,Oilseeds
25.263354198097225,Yellow,192.61422039154849,Coffee
28.606984662392527,Black,72.22308350113673,Oilseeds
24.944859727932617,Yellow,69.61862634994706,Oilseeds
31.94937067754885,Laterite,264.44996842731825,Rice
22.74973050306736,Laterite,227.9646418537294,Coffee
27.73006688126779,Yellow,204.631742373504,Coffee
26.342625959612427,Peat,133.92195011100395,Sugar Cane
31.854338756487497,Cinder,93.35315799798492,Millets
27.124723086310787,Yellow,294.2462136715906,Tea
17.78852243480962,Yellow,243.22708100638403,Coffee
26.352212849577946,Yellow,257.3181429579785,Tea
16.008749923708628,Yellow,232.50094561211085,Coffee
26.17866119833841,Peat,103.18255396583956,Sugar Cane
24.809711653830423,Cinder,72.06696470948746,Oilseeds
21.01833384654419,Black,51.09468442587062,Oilseeds
28.95546377920047,Yellow,222.3733691951151,Tea
28.3027041394991,Black,94.90332005908266,Cotton
24.25109662193212,Peat,249.616622408951,Coffee
27.5542275271638,Cinder,152.4498350234361,Coffee
28.70339681171377,Peat,244.57751660702485,Tea
19.747509726696823,Laterite,240.9062510315454,Coffee
21.25574631217537,Peat,232.7992043326712,Coffee
15.060818258200532,Cinder,186.59114005561167,Coffee
25.970432916739483,Yellow,278.48028856072017,Tea
22.09558117090929,Cinder,95.41993709053835,Cotton
20.05829494283661,Peat,296.9408503326373,Tea
30.51591717607088,Black,207.67383231172568,Rice
21.61925617648381,Peat,191.74931985780933,Coffee
30.985300615771777,Laterite,96.3087273312579,Millets
22.26081156822972,Yellow,96.76868010321066,Cotton
24.429792655999982,Black,51.795272276178274,Oilseeds
22.186899210500048,Yellow,233.59953381098407,Coffee
28.608757118174218,Black,190.2319269274855,Tea
22.18213875954397,Yellow,258.62622699325505,Tea
28.371331918205176,Yellow,188.3829355572186,Tea
31.55592203974188,Yellow,289.03956149973834,Rice
16.013633914583572,Peat,207.6519308751381,Coffee
28.81175501612137,Cinder,69.04896183717068,Oilseeds
20.11171414966088,Laterite,152.65934144619024,Coffee
24.362635775148227,Cinder,201.5793273132172,Coffee
21.014648120947584,Black,56.232840167599015,Oilseeds
20.671453146620586,Peat,90.46604181273182,Wheat
17.498326900364795,Yellow,156.48333265274076,Coffee
30.59032938071314,Laterite,58.6477305026111,Millets
31.97071629084519,Yellow,208.54964215243265,Rice
28.26884978978331,Black,186.9186572750297,Tea
22.74300990239925,Cinder,63.1128183263915,Oilseeds
31.57617168417819,Peat,195.89112926289943,Rice
29.84904390795208,Peat,173.2264798061994,Tea
18.86154569511256,Cinder,84.72924727847038,Wheat
23.36538899160305,Cinder,191.92873556562216,Coffee
24.03313413881953,Yellow,261.03940785216565,Tea
18.421256197369885,Yellow,230.89976284688564,Coffee
19.8394646630959,Peat,174.9520075133562,Coffee
22.995903398123275,Cinder,122.21435771170552,Sugar Cane
20.395019421204363,Cinder,266.2368468740309,Tea
26.096915851594133,Yellow,296.63514043767304,Tea
28.07972820629364,Cinder,206.02511503843743,Tea
17.664058027969624,Laterite,210.71855574026927,Coffee
25.19028266587712,Cinder,189.54819696955624,Coffee
15.978721710147552,Peat,155.73785682532517,Coffee
21.512364782664147,Peat,97.81816301542054,Cotton
20.61647588360384,Peat,269.28804773982233,Tea
22.617277576887783,Yellow,173.99675644246682,Coffee
20.75085506756845,Cinder,40.35100363542706,Grams
28.73732035091064,Cinder,219.9540276726456,Tea
17.11658932421677,Laterite,216.79823055088912,Coffee
31.5002011535768,Black,191.9322099523178,Rice
24.43383795436384,Black,162.87354094178178,Coffee
17.23066320983867,Yellow,186.11590603663785,Coffee
25.055662046294703,Laterite,85.35072648395388,Cotton
25.76099054539777,Black,283.55253796974137,Tea
15.901438107506785,Cinder,184.86246817046427,Coffee
15.843618671639934,Yellow,245.59174088552984,Coffee
29.53650728640261,Peat,65.25249700448327,Oilseeds
26.18876210094767,Yellow,101.99397428887292,Sugar Cane
22.38519540917448,Cinder,210.2622463662356,Coffee
15.327232385431197,Cinder,241.90047092121048,Coffee
29.028654077781333,Yellow,56.52697640966103,Oilseeds
17.426271517465146,Laterite,233.5521277272904,Coffee
23.451387883787422,Laterite,182.7749807410436,Coffee
22.99914489143467,Laterite,85.12649834987812,Cotton
31.13261485003313,Laterite,192.7280193130285,Rice
29.40751054639781,Cinder,162.5206113902867,Tea
20.6616670011777,Laterite,297.64737714839583,Tea
21.79935611792694,Yellow,295.30047626304884,Tea
22.19655435938296,Laterite,197.8068785196507,Coffee
25.645050699716748,Laterite,144.00374170964935,Sugar Cane
19.87552739620517,Cinder,157.51947135770538,Coffee
31.477235359982647,Black,211.0941385463213,Rice
21.78982819859927,Laterite,111.93858066700108,Sugar Cane
21.72188517900503,Laterite,40.54101266473748,Grams
28.90252657665012,Cinder,74.83498773038545,Oilseeds
24.653296329379263,Cinder,155.87091128610354,Coffee
15.713498557903138,Laterite,239.736809925581,Coffee
18.004866746198832,Cinder,155.9388495264443,Coffee
24.56929704806543,Laterite,43.05883729429228,Grams
31.155839100736387,Black,174.08274649127628,Rice
16.231179318631643,Laterite,95.95520421528948,Wheat
20.01943071146156,Black,192.18156981680127,Coffee
24.41528496788852,Black,51.168010013714046,Oilseeds
21.507478128358457,Cinder,79.39511164214318,Cotton
17.673650079298685,Black,152.46647066782492,Coffee
25.9267825373123,Black,291.21186829686025,Tea
24.11707221855217,Laterite,236.1067373555988,Coffee
23.156113082300426,Cinder,113.440157573222,Sugar Cane
27.67755135570022,Laterite,297.7707726580065,Tea
20.88388678059996,Peat,259.5687355751279,Tea
27.69434943241754,Laterite,279.6341636579561,Tea
21.398604439507384,Peat,51.759679488835616,Oilseeds
31.98920384727554,Cinder,78.63754870407865,Millets
26.396011874250583,Cinder,291.6214532948003,Tea
31.829670454816075,Yellow,207.00086222711053,Rice
26.21942672263247,Peat,237.99484714519176,Coffee
27.468824624133024,Laterite,237.3190330336262,Coffee
21.60715202623973,Cinder,169.82064993818008,Coffee
22.36044829898391,Cinder,243.2969137596448,Coffee
17.450306287819718,Laterite,186.8261090691915,Coffee
30.8280035250824,Laterite,177.1108304551522,Rice
25.598448272799907,Yellow,169.38240411766378,Coffee
20.84200424357177,Yellow,250.56685505260967,Tea
19.34197715448133,Cinder,233.7493899635807,Coffee
31.06563691118128,Yellow,237.5127834455208,Rice
25.203093053343537,Yellow,121.70892999740964,Sugar Cane
19.82902785535516,Peat,190.9799702580605,Coffee
29.969321819762268,Laterite,53.39004695081064,Oilseeds
20.563255234398888,Cinder,278.7296578804713,Tea
17.46249806356015,Cinder,217.9985050219922,Coffee
24.88601806271088,Laterite,112.319409115977,Sugar Cane
22.218729716434943,Cinder,227.4266221251684,Coffee
22.83652488834603,Black,188.41190824673805,Coffee
15.348364796925566,Black,208.06001800738463,Coffee
23.843615708866096,Black,156.58777490612772,Coffee
26.83259044789525,Black,297.1628955306102,Tea
31.01642219876688,Yellow,79.89840373992095,Millets
15.885494417761564,Yellow,234.231222923158,Coffee
22.41270690952016,Yellow,233.9235351864018,Coffee
25.593505244711267,Laterite,101.88472907927084,Sugar Cane
22.850096228736746,Black,134.89452641401584,Sugar Cane
30.47588788724714,Peat,296.74916601916163,Rice
20.55459806211531,Cinder,151.5445811953503,Coffee
23.47841620656284,Cinder,91.79714348111776,Cotton
31.295610688942844,Yellow,269.5442434888109,Rice
27.49003609475286,Laterite,157.49902590300198,Coffee
27.711586555908763,Black,187.7691778589618,Coffee
22.04986801118718,Laterite,127.21659405233672,Sugar Cane
25.31093973985908,Peat,185.0615075691192,Coffee
29.21046289750123,Laterite,195.18681057684609,Tea
28.847414379339945,Black,274.9151050818725,Tea
24.07128671907926,Yellow,96.71736813232522,Cotton
17.399822564349506,Black,161.43268117178883,Coffee
28.54404734822373,Cinder,68.27092012356674,Oilseeds
25.202388214628257,Cinder,221.50589916707924,Coffee
27.085803824714016,Black,192.05468229683507,Coffee
20.16472113751825,Black,210.30903671937776,Coffee
23.661206543346545,Yellow,118.3414965869195,Sugar Cane
22.86357624133459,Laterite,211.5787077647437,Coffee
25.223531787068424,Laterite,80.3521198292727,Cotton
24.04099968378369,Black,291.61606081065946,Tea
28.03147400423481,Peat,291.4178920375511,Tea
27.22659460977441,Cinder,59.29058553499131,Oilseeds
29.98911541491005,Black,184.4626982480961,Tea
25.87255566657733,Black,76.27272918154708,Cotton
16.142358702790354,Peat,241.22075554971693,Coffee
19.30358613332349,Yellow,239.43683685307303,Coffee
28.73484135756623,Yellow,51.5300017310073,Oilseeds
26.874167952853085,Laterite,74.49630121690289,Oilseeds
28.264408625648123,Yellow,191.6336556450209,Tea
20.6119005635391,Laterite,295.9774136245572,Tea
20.479057047849444,Laterite,267.0710297345819,Tea
24.4826455805555,Yellow,287.8378999971273,Tea
31.001389332720844,Peat,72.73712452104603,Millets
25.18501764194184,Laterite,160.13857062145186,Coffee
31.86615001298869,Peat,242.1043099165302,Rice
17.151556320614905,Black,204.724829033012,Coffee
22.57279770230588,Peat,205.3369644442193,Coffee
27.13920999441969,Black,150.75983746930166,Coffee
29.74847388657416,Cinder,247.3693220472783,Tea
24.7571571908854,Cinder,241.1855155347708,Coffee
21.76863405794117,Yellow,74.33508646876939,Oilseeds
20.140521303911257,Black,203.7219200608863,Coffee
28.52701364661224,Peat,259.37918382309994,Tea
20.708371919548213,Laterite,90.75029576701772,Wheat
31.31273398969412,Peat,170.3938095202872,Rice
